key,title,achievements,effort,kind,key:campaign
# base-entity
milestone-01,"Lorem ipsum dolor sit amet, consectetu","Lorem ipsum dolor sit amet, consectetur adipiscing elit. Sed do: eiusmod tempor incididunt ut labore et dolore magna aliqua! Ut*",50,TEASER,campaign-01
# title - standard variations
milestone-02,"L","Lorem ipsum dolor sit amet, consectetur adipiscing elit. Sed do: eiusmod tempor incididunt ut labore et dolore magna aliqua! Ut*",50,TEASER,campaign-01
milestone-03,"Lo","Lorem ipsum dolor sit amet, consectetur adipiscing elit. Sed do: eiusmod tempor incididunt ut labore et dolore magna aliqua! Ut*",50,TEASER,campaign-01
milestone-04,"Lorem ipsum dolor sit amet, consectetur adipiscing elit. Sed do: eiusmod t","Lorem ipsum dolor sit amet, consectetur adipiscing elit. Sed do: eiusmod tempor incididunt ut labore et dolore magna aliqua! Ut*",50,TEASER,campaign-01
milestone-05,"Lorem ipsum dolor sit amet, consectetur adipiscing elit. Sed do: eiusmod te","Lorem ipsum dolor sit amet, consectetur adipiscing elit. Sed do: eiusmod tempor incididunt ut labore et dolore magna aliqua! Ut*",50,TEASER,campaign-01
# title - no singular values
# achievements - standard variations
milestone-06,"Lorem ipsum dolor sit amet, consectetu","L",50,TEASER,campaign-01
milestone-07,"Lorem ipsum dolor sit amet, consectetu","Lo",50,TEASER,campaign-01
milestone-08,"Lorem ipsum dolor sit amet, consectetu","Lorem ipsum dolor sit amet, consectetur adipiscing elit. Sed do: eiusmod t",50,TEASER,campaign-01
milestone-09,"Lorem ipsum dolor sit amet, consectetu","orem ipsum dolor sit amet, consectetur adipiscing elit. Sed do: eiusmod te",50,TEASER,campaign-01
# achievements - no singular values
# effort - standard variations
milestone-10,"Lorem ipsum dolor sit amet, consectetu","Lorem ipsum dolor sit amet, consectetur adipiscing elit. Sed do: eiusmod tempor incididunt ut labore et dolore magna aliqua! Ut*",1.00,TEASER,campaign-01
milestone-11,"Lorem ipsum dolor sit amet, consectetu","Lorem ipsum dolor sit amet, consectetur adipiscing elit. Sed do: eiusmod tempor incididunt ut labore et dolore magna aliqua! Ut*",1.01,TEASER,campaign-01
milestone-12,"Lorem ipsum dolor sit amet, consectetu","Lorem ipsum dolor sit amet, consectetur adipiscing elit. Sed do: eiusmod tempor incididunt ut labore et dolore magna aliqua! Ut*",99.99,TEASER,campaign-01
milestone-13,"Lorem ipsum dolor sit amet, consectetu","Lorem ipsum dolor sit amet, consectetur adipiscing elit. Sed do: eiusmod tempor incididunt ut labore et dolore magna aliqua! Ut*",100.00,TEASER,campaign-01
# kind - standard variations
milestone-14,"Lorem ipsum dolor sit amet, consectetu","Lorem ipsum dolor sit amet, consectetur adipiscing elit. Sed do: eiusmod tempor incididunt ut labore et dolore magna aliqua! Ut*",50,ENGAGING,campaign-01
milestone-15,"Lorem ipsum dolor sit amet, consectetu","Lorem ipsum dolor sit amet, consectetur adipiscing elit. Sed do: eiusmod tempor incididunt ut labore et dolore magna aliqua! Ut*",50,CONVERSION,campaign-01
# kind - no singular values
# campaign - standard variations
milestone-16,"Lorem ipsum dolor sit amet, consectetu","Lorem ipsum dolor sit amet, consectetur adipiscing elit. Sed do: eiusmod tempor incididunt ut labore et dolore magna aliqua! Ut*",50,TEASER,campaign-02
# campaign - no singular values