key,cv,achievements,licensed,key:user-account
# base entity
spokesperson-01,"Lorem ipsum dolor sit amet, consectetur","Lorem ipsum dolor sit amet, consectetur adipiscing elit. Sed do: eiusmod tempor incididunt ut labore et dolore magna aliqua! Ut*",false,user-account-spokesperson-01
# cv - standard variations
spokesperson-02,"L","Lorem ipsum dolor sit amet, consectetur adipiscing elit. Sed do: eiusmod tempor incididunt ut labore et dolore magna aliqua! Ut*",false,user-account-spokesperson-01
spokesperson-03,"Lo","Lorem ipsum dolor sit amet, consectetur adipiscing elit. Sed do: eiusmod tempor incididunt ut labore et dolore magna aliqua! Ut*",false,user-account-spokesperson-01
spokesperson-04,"Lorem ipsum dolor sit amet, consectetur adipiscing elit. Sed do: eiusmod t","Lorem ipsum dolor sit amet, consectetur adipiscing elit. Sed do: eiusmod tempor incididunt ut labore et dolore magna aliqua! Ut*",false,user-account-spokesperson-01
spokesperson-05,"Lorem ipsum dolor sit amet, consectetur adipiscing elit. Sed do: eiusmod te","Lorem ipsum dolor sit amet, consectetur adipiscing elit. Sed do: eiusmod tempor incididunt ut labore et dolore magna aliqua! Ut*",false,user-account-spokesperson-01
# cv - no singular values
# achievements - standard variations
spokesperson-06,"Lorem ipsum dolor sit amet, consectetur","L",false,user-account-spokesperson-01
spokesperson-07,"Lorem ipsum dolor sit amet, consectetur","Lo",false,user-account-spokesperson-01
spokesperson-08,"Lorem ipsum dolor sit amet, consectetur","Lorem ipsum dolor sit amet, consectetur adipiscing elit. Sed do: eiusmod tempor incididunt ut labore et dolore magna aliqua! Ut enim ad minim veniam? Quis nostrud exercitation ullamco laboris nisi ut aliquip ex ea commodo consequat. Duis aute irure dolor",false,user-account-spokesperson-01
spokesperson-09,"Lorem ipsum dolor sit amet, consectetur","Lorem ipsum dolor sit amet, consectetur adipiscing elit. Sed do: eiusmod tempor incididunt ut labore et dolore magna aliqua! Ut enim ad minim veniam? Quis nostrud exercitation ullamco laboris nisi ut aliquip ex ea commodo consequat. Duis aute irure dolor*",false,user-account-spokesperson-01
# achievements - no singular values
# licensed - standard variations
spokesperson-01,"Lorem ipsum dolor sit amet, consectetur","Lorem ipsum dolor sit amet, consectetur adipiscing elit. Sed do: eiusmod tempor incididunt ut labore et dolore magna aliqua! Ut*",true,user-account-spokesperson-01
# licensed - no singular values